{
  "sensor_id": "MB_002",
  "model_type": "vehicle_count",
  "best_params": {
    "n_estimators": 250,
    "max_depth": 4,
    "min_child_weight": 1,
    "learning_rate": 0.1601531217136121,
    "subsample": 0.8827429375390468,
    "colsample_bytree": 0.8916028672163949,
    "colsample_bylevel": 0.9085081386743783,
    "gamma": 0.07404465173409036,
    "reg_alpha": 0.3584657285442726,
    "reg_lambda": 0.23173811905025943,
    "random_state": 42,
    "n_jobs": 2,
    "verbosity": 0,
    "early_stopping_rounds": 10,
    "objective": "reg:squarederror"
  },
  "best_score": 2.035161032978321,
  "n_trials": 10,
  "optimization_history": {
    "trial": {
      "0": 0,
      "1": 1,
      "2": 2,
      "3": 3,
      "4": 4,
      "5": 5,
      "6": 6,
      "7": 7,
      "8": 8,
      "9": 9
    },
    "value": {
      "0": 2.1380290306521252,
      "1": 2.626588104259737,
      "2": 2.1354964995614836,
      "3": 2.0829579469902257,
      "4": 2.13879491502634,
      "5": 2.1241205156722285,
      "6": 2.1356948429302154,
      "7": 2.035161032978321,
      "8": 2.191123407512943,
      "9": 2.099673668213261
    },
    "n_estimators": {
      "0": 150,
      "1": 50,
      "2": 200,
      "3": 200,
      "4": 75,
      "5": 300,
      "6": 150,
      "7": 250,
      "8": 275,
      "9": 75
    },
    "max_depth": {
      "0": 10,
      "1": 10,
      "2": 4,
      "3": 4,
      "4": 6,
      "5": 9,
      "6": 5,
      "7": 4,
      "8": 7,
      "9": 8
    },
    "min_child_weight": {
      "0": 8,
      "1": 9,
      "2": 3,
      "3": 1,
      "4": 1,
      "5": 10,
      "6": 9,
      "7": 1,
      "8": 4,
      "9": 8
    },
    "learning_rate": {
      "0": 0.07661100707771368,
      "1": 0.020589728197687916,
      "2": 0.03476649150592621,
      "3": 0.2521267904777921,
      "4": 0.22038218939289875,
      "5": 0.20978213384576816,
      "6": 0.03364867144187954,
      "7": 0.1601531217136121,
      "8": 0.012413189635294229,
      "9": 0.06746437142284309
    },
    "subsample": {
      "0": 0.6624074561769746,
      "1": 0.6727299868828402,
      "2": 0.7824279936868144,
      "3": 0.9862528132298237,
      "4": 0.7035119926400067,
      "5": 0.8391599915244341,
      "6": 0.7123738038749523,
      "7": 0.8827429375390468,
      "8": 0.7243929286862649,
      "9": 0.9083868719818244
    },
    "colsample_bytree": {
      "0": 0.662397808134481,
      "1": 0.6733618039413735,
      "2": 0.9140703845572055,
      "3": 0.9233589392465844,
      "4": 0.8650089137415928,
      "5": 0.9687496940092467,
      "6": 0.8170784332632994,
      "7": 0.8916028672163949,
      "8": 0.7300733288106989,
      "9": 0.7975182385457563
    },
    "colsample_bylevel": {
      "0": 0.6232334448672797,
      "1": 0.7216968971838151,
      "2": 0.6798695128633439,
      "3": 0.7218455076693483,
      "4": 0.7246844304357644,
      "5": 0.6353970008207678,
      "6": 0.6563696899899051,
      "7": 0.9085081386743783,
      "8": 0.8918424713352255,
      "9": 0.8090931317527976
    },
    "gamma": {
      "0": 0.8661761457749352,
      "1": 0.5247564316322378,
      "2": 0.5142344384136116,
      "3": 0.09767211400638387,
      "4": 0.5200680211778108,
      "5": 0.1959828624191452,
      "6": 0.8021969807540397,
      "7": 0.07404465173409036,
      "8": 0.6375574713552131,
      "9": 0.42754101835854963
    },
    "reg_alpha": {
      "0": 0.6011150117432088,
      "1": 0.43194501864211576,
      "2": 0.5924145688620425,
      "3": 0.6842330265121569,
      "4": 0.5467102793432796,
      "5": 0.045227288910538066,
      "6": 0.07455064367977082,
      "7": 0.3584657285442726,
      "8": 0.8872127425763265,
      "9": 0.02541912674409519
    },
    "reg_lambda": {
      "0": 1.416145155592091,
      "1": 0.5824582803960838,
      "2": 0.09290082543999545,
      "3": 0.8803049874792026,
      "4": 0.3697089110510541,
      "5": 0.6506606615265287,
      "6": 1.9737738732010346,
      "7": 0.23173811905025943,
      "8": 0.9444298503238986,
      "9": 0.2157828539866089
    }
  }
}