{
  "timestamp": "2025-09-06T20:54:15.538785",
  "summary": {
    "traffic": {
      "hourly": {
        "avg_rmse": 5.91682415455377,
        "std_rmse": 0.95058029933116,
        "worst_hour": 17,
        "best_hour": 3
      },
      "weekly": {
        "avg_rmse": 5.97971003367013,
        "weekend_degradation": 20.116455430667447
      },
      "rush_hour": {
        "off_peak_rmse": 5.393549837510442,
        "rush_hour_rmse": 7.5085620711573755,
        "degradation": 39.21373302120412
      }
    },
    "speed": {
      "hourly": {
        "avg_rmse": 3.648956398104436,
        "std_rmse": 0.5917583148926125,
        "worst_hour": 7,
        "best_hour": 10
      },
      "weekly": {
        "avg_rmse": 3.6911576484533914,
        "weekend_degradation": 15.923509401081827
      },
      "rush_hour": {
        "off_peak_rmse": 3.3205136705192473,
        "rush_hour_rmse": 4.645730263987757,
        "degradation": 39.90998757915904
      }
    }
  },
  "detailed_metrics": {
    "traffic": {
      "hour": {
        "0": {
          "rmse": 5.350778034398201,
          "mae": 4.20791992840071,
          "r2": 0.8460876783182464,
          "mape": 7.857430614295624,
          "count": "270"
        },
        "1": {
          "rmse": 5.703138624597616,
          "mae": 4.478206985525533,
          "r2": 0.8213379566521376,
          "mape": 8.081873513458364,
          "count": "270"
        },
        "2": {
          "rmse": 5.50021351264177,
          "mae": 4.363496905973737,
          "r2": 0.8444464349098164,
          "mape": 7.309089851296783,
          "count": "270"
        },
        "3": {
          "rmse": 4.898054497871454,
          "mae": 3.798823663386077,
          "r2": 0.8899184195930174,
          "mape": 6.044225114145847,
          "count": "270"
        },
        "4": {
          "rmse": 5.500735162197912,
          "mae": 4.409507467729996,
          "r2": 0.8409375511265031,
          "mape": 6.377193484845112,
          "count": "270"
        },
        "5": {
          "rmse": 5.409808382203659,
          "mae": 4.264100152091384,
          "r2": 0.8634052743810974,
          "mape": 5.631835216568934,
          "count": "270"
        },
        "6": {
          "rmse": 5.793575826427765,
          "mae": 4.544368519244478,
          "r2": 0.882807426281137,
          "mape": 5.665904980200125,
          "count": "270"
        },
        "7": {
          "rmse": 7.67733067381559,
          "mae": 6.03719669868564,
          "r2": 0.8975384675873289,
          "mape": 4.614295225681218,
          "count": "270"
        },
        "8": {
          "rmse": 7.223724575400177,
          "mae": 5.676510578049015,
          "r2": 0.9166982510407446,
          "mape": 4.0528006247474995,
          "count": "270"
        },
        "9": {
          "rmse": 7.31606396001532,
          "mae": 5.956185472186637,
          "r2": 0.918735911071421,
          "mape": 3.981134512141076,
          "count": "270"
        },
        "10": {
          "rmse": 5.486948548302553,
          "mae": 4.297145568742134,
          "r2": 0.9198303321332418,
          "mape": 4.241609324916234,
          "count": "270"
        },
        "11": {
          "rmse": 4.991518492874098,
          "mae": 3.964514726157451,
          "r2": 0.9474322093051525,
          "mape": 3.820875060913387,
          "count": "270"
        },
        "12": {
          "rmse": 5.39488818134112,
          "mae": 4.210785329156602,
          "r2": 0.9298491445684066,
          "mape": 4.077204679723461,
          "count": "270"
        },
        "13": {
          "rmse": 5.254334815117582,
          "mae": 4.1869334895386485,
          "r2": 0.9311289428386635,
          "mape": 4.086097355340687,
          "count": "270"
        },
        "14": {
          "rmse": 5.428416268161682,
          "mae": 4.24692458554718,
          "r2": 0.9258825330215612,
          "mape": 4.137539064049175,
          "count": "270"
        },
        "15": {
          "rmse": 5.714046134088782,
          "mae": 4.543428482984195,
          "r2": 0.9060569866521075,
          "mape": 4.682155007934598,
          "count": "270"
        },
        "16": {
          "rmse": 5.221357122857132,
          "mae": 4.13098668141687,
          "r2": 0.9162244083851039,
          "mape": 4.4306981506986824,
          "count": "270"
        },
        "17": {
          "rmse": 7.760624946987393,
          "mae": 6.00253427836665,
          "r2": 0.8881712472979361,
          "mape": 4.407183337678866,
          "count": "270"
        },
        "18": {
          "rmse": 7.544653812692631,
          "mae": 6.175721333652687,
          "r2": 0.8841101850799511,
          "mape": 4.97769066629444,
          "count": "270"
        },
        "19": {
          "rmse": 7.514887268214536,
          "mae": 5.965022969969669,
          "r2": 0.879078123163002,
          "mape": 5.1602760909777725,
          "count": "270"
        },
        "20": {
          "rmse": 5.160253971305354,
          "mae": 4.108788593704709,
          "r2": 0.88976003398657,
          "mape": 6.0382555879773525,
          "count": "270"
        },
        "21": {
          "rmse": 5.833487480864765,
          "mae": 4.624732393006051,
          "r2": 0.851794685811452,
          "mape": 7.743295705470272,
          "count": "270"
        },
        "22": {
          "rmse": 4.986394175940093,
          "mae": 4.057763966001706,
          "r2": 0.8582824277157928,
          "mape": 6.755230769779959,
          "count": "270"
        },
        "23": {
          "rmse": 5.338545240973314,
          "mae": 4.285717332771357,
          "r2": 0.8324874762630028,
          "mape": 7.61843814460007,
          "count": "270"
        }
      },
      "day_of_week": {
        "0": {
          "rmse": 5.46763838589031,
          "mae": 4.23860887784948,
          "r2": 0.9749489137051303,
          "mape": 4.379238242330288,
          "count": "936"
        },
        "1": {
          "rmse": 5.772114130665442,
          "mae": 4.566139698770628,
          "r2": 0.9723324770599334,
          "mape": 4.635709934078483,
          "count": "936"
        },
        "2": {
          "rmse": 5.665405849394486,
          "mae": 4.420052330725296,
          "r2": 0.9726290852778761,
          "mape": 4.400420293066712,
          "count": "936"
        },
        "3": {
          "rmse": 5.532505193665659,
          "mae": 4.321370455766776,
          "r2": 0.9746979510983191,
          "mape": 4.377460962846749,
          "count": "936"
        },
        "4": {
          "rmse": 5.835849831584838,
          "mae": 4.525592085738936,
          "r2": 0.9712254956412185,
          "mape": 4.555695348328963,
          "count": "936"
        },
        "5": {
          "rmse": 6.713289943104784,
          "mae": 5.417342924545789,
          "r2": 0.9302255869904006,
          "mape": 8.251868756223066,
          "count": "936"
        },
        "6": {
          "rmse": 6.871166901385386,
          "mae": 5.3880460441187035,
          "r2": 0.9218336629651995,
          "mape": 8.034677444553568,
          "count": "864"
        }
      },
      "month": {
        "1": {
          "rmse": 6.034316628928676,
          "mae": 4.72011064306891,
          "r2": 0.9679909192654316,
          "mape": 5.708130373432002,
          "count": "2232"
        },
        "2": {
          "rmse": 6.029284658571602,
          "mae": 4.7348084980911285,
          "r2": 0.9676555844815838,
          "mape": 5.7026438467154525,
          "count": "2088"
        },
        "3": {
          "rmse": 5.913540294592944,
          "mae": 4.6127353001268405,
          "r2": 0.9749837276092362,
          "mape": 5.0630844060956015,
          "count": "2160"
        }
      },
      "season": {
        "Winter": {
          "rmse": 6.031885034066382,
          "mae": 4.727214606329649,
          "r2": 0.9678298531448177,
          "mape": 5.70547855218567,